{
    "AER": "30,30,30,30",
    "CUL": "2",
    "FCV": "0",
    "CMA": "0",
    "NIV": 71.6,
    "VOL": "716",
    "FMA": "",
    "EMA": "",
    "TUMI": 0,
    "DAT": "2025-07-28 13:01:38",
    "TMS": 0,
    "UMC": 14.5,
    "TMA": 0,
    "TMI": 0,
    "pendulos": {
        "1": [false, false, false, 0],
        "2": [false, false, false, 0],
        "3": [false, false, false, 0],
        "4": [false, false, false, 0],
        "5": [false, false, false, 0],
        "6": [false, false, false, 0],
        "7": [false, false, false, 0],
        "8": [false, false, false, 0],
        "9": [false, false, false, 0],
        "10": [false, false, false, 0],
        "11": [false, false, false, 0],
        "12": [false, false, false, 0],
        "13": [false, false, false, 0],
        "14": [false, false, false, 0],
        "15": [false, false, false, 0],
        "16": [false, false, false, 0],
        "17": [false, false, false, 0],
        "18": [false, false, false, 0],
        "19": [false, false, false, 0],
        "20": [true, false, false, 0],
        "21": [false, false, false, 0],
        "22": [false, false, false, 0],
        "23": [false, false, false, 0],
        "24": [false, false, false, 0],
        "25": [false, false, false, 0],
        "26": [false, false, false, 0],
        "27": [false, false, false, 0],
        "28": [false, false, false, 0],
        "29": [false, false, false, 0],
        "30": [false, false, false, 0],
        "31": [false, false, false, 0],
        "32": [false, false, false, 0],
        "33": [false, false, false, 0],
        "34": [false, false, false, 0],
        "35": [false, false, false, 0],
        "36": [false, false, false, 0],
        "37": [false, false, false, 0],
        "38": [false, false, false, 0],
        "39": [false, false, false, 0],
        "40": [false, false, false, 0],
        "41": [false, false, false, 0],
        "42": [false, false, false, 0],
        "43": [false, false, false, 0],
        "44": [false, false, false, 0],
        "45": [false, false, false, 0],
        "46": [false, false, false, 0],
        "47": [false, false, false, 0],
        "48": [false, false, false, 0],
        "49": [false, false, false, 0],
        "50": [false, false, false, 0],
        "51": [false, false, false, 0],
        "52": [false, false, false, 0],
        "53": [false, false, false, 0],
        "54": [false, false, false, 0],
        "55": [false, false, false, 0],
        "56": [false, false, false, 0],
        "57": [false, false, false, 0]
    },
    "arcos": {
        "1": {
            "1": {
                "1": [23, false, false, false, false],
                "2": [18.5, false, false, false, false],
                "3": [20, false, false, false, false],
                "4": [27.5, false, false, false, false]
            },
            "2": {
                "1": [24, false, false, false, false],
                "2": [21.5, false, false, false, false],
                "3": [19.5, false, false, false, false],
                "4": [33.5, false, false, false, false],
                "5": [34.5, false, false, false, false],
                "6": [34.5, false, false, false, false],
                "7": [35, false, false, false, false],
                "8": [36, false, false, false, false],
                "9": [36.5, false, false, false, false]
            },
            "3": {
                "1": [23, false, false, false, false],
                "2": [21.5, false, false, false, false],
                "3": [18.5, false, false, false, false],
                "4": [32.5, false, false, false, false],
                "5": [33.5, false, false, false, false],
                "6": [34.5, false, false, false, false],
                "7": [35, false, false, false, false],
                "8": [35.5, false, false, false, false]
            }
        },
        "2": {
            "4": {
                "1": [21.5, false, false, false, false],
                "2": [20, false, false, false, false],
                "3": [21, false, false, false, false],
                "4": [23, false, false, false, false],
                "5": [33.5, false, false, false, false],
                "6": [34, false, false, false, false],
                "7": [34.5, false, false, false, false],
                "8": [35.5, false, false, false, false],
                "9": [35.5, false, false, false, false]
            },
            "5": {
                "1": [23.5, false, false, false, false],
                "2": [22, false, false, false, false],
                "3": [18.5, false, false, false, false],
                "4": [19.5, false, false, false, false],
                "5": [33, false, false, false, false],
                "6": [33.5, false, false, false, false],
                "7": [34.5, false, false, false, false],
                "8": [34.5, false, false, false, false],
                "9": [35, false, false, false, false],
                "10": [36, false, false, false, false],
                "11": [37, false, false, false, false]
            },
            "6": {
                "1": [22, false, false, false, false],
                "2": [21.5, false, false, false, false],
                "3": [22, false, false, false, false],
                "4": [34, false, false, false, false]
            }
        },
        "3": {
            "7": {
                "1": [22.5, false, false, false, false],
                "2": [19, false, false, false, false],
                "3": [20, false, false, false, false],
                "4": [34, false, false, false, false]
            },
            "8": {
                "1": [24.5, false, false, false, false],
                "2": [21.5, false, false, false, false],
                "3": [22.5, false, false, false, false],
                "4": [22, false, false, false, false],
                "5": [33, false, false, false, false],
                "6": [33.5, false, false, false, false],
                "7": [34, false, false, false, false],
                "8": [34.5, false, false, false, false],
                "9": [35.5, false, false, false, false],
                "10": [36, false, false, false, false],
                "11": [36.5, false, false, false, false]
            },
            "9": {
                "1": [24.5, false, false, false, false],
                "2": [23, false, false, false, false],
                "3": [22, false, false, false, false],
                "4": [21.5, false, false, false, false],
                "5": [33, false, false, false, false],
                "6": [34, false, false, false, false],
                "7": [34.5, false, false, false, false],
                "8": [35, false, false, false, false],
                "9": [36.5, false, false, false, false]
            }
        },
        "4": {
            "10": {
                "1": [24, false, false, false, false],
                "2": [22, false, false, false, false],
                "3": [21.5, false, false, false, false],
                "4": [21.5, false, false, false, false],
                "5": [26, false, false, false, false],
                "6": [34.5, false, false, false, false],
                "7": [34.5, false, false, false, false],
                "8": [35, false, false, false, false],
                "9": [36, false, false, false, false]
            },
            "11": {
                "1": [21, false, false, false, false],
                "2": [21.5, false, false, false, false],
                "3": [22, false, false, false, false],
                "4": [21.5, false, false, false, false],
                "5": [22, false, false, false, false],
                "6": [23, false, false, false, false],
                "7": [34.5, false, false, false, false],
                "8": [34.5, false, false, false, false],
                "9": [35.5, false, false, false, false],
                "10": [36, false, false, false, false],
                "11": [37.5, false, false, false, false]
            },
            "12": {
                "1": [23, false, false, false, false],
                "2": [20.5, false, false, false, false],
                "3": [22, false, false, false, false],
                "4": [24.5, false, false, false, false]
            }
        },
        "5": {
            "13": {
                "1": [21.5, false, false, false, false],
                "2": [20, false, false, false, false],
                "3": [23, false, false, false, false],
                "4": [33.5, false, false, false, false]
            },
            "14": {
                "1": [23, false, false, false, false],
                "2": [21.5, false, false, false, false],
                "3": [22, false, false, false, false],
                "4": [22, false, false, false, false],
                "5": [22, false, false, false, false],
                "6": [21.5, false, false, false, false],
                "7": [22.5, false, false, false, false],
                "8": [34.5, false, false, false, false],
                "9": [35.5, false, false, false, false],
                "10": [36, false, false, false, false],
                "11": [37, false, false, false, false]
            },
            "15": {
                "1": [22.5, false, false, false, false],
                "2": [22, false, false, false, false],
                "3": [22.5, false, false, false, false],
                "4": [22.5, false, false, false, false],
                "5": [34.5, false, false, false, false],
                "6": [34.5, false, false, false, false],
                "7": [35, false, false, false, false],
                "8": [35, false, false, false, false],
                "9": [36, false, false, false, false]
            }
        },
        "6": {
            "16": {
                "1": [24, false, false, false, false],
                "2": [22, false, false, false, false],
                "3": [21.5, false, false, false, false],
                "4": [22, false, false, false, false],
                "5": [21.5, false, false, false, false],
                "6": [22, false, false, false, false],
                "7": [34.5, false, false, false, false],
                "8": [35.5, false, false, false, false],
                "9": [36.5, false, false, false, false]
            },
            "17": {
                "1": [23, false, false, false, false],
                "2": [21.5, false, false, false, false],
                "3": [21, false, false, false, false],
                "4": [22, false, false, false, false],
                "5": [22, false, false, false, false],
                "6": [28, false, false, false, false],
                "7": [34, false, false, false, false],
                "8": [35, false, false, false, false],
                "9": [35.5, false, false, false, false],
                "10": [36, false, false, false, false],
                "11": [37, false, false, false, false]
            },
            "18": {
                "1": [23.5, false, false, false, false],
                "2": [19.5, false, false, false, false],
                "3": [20.5, false, false, false, false],
                "4": [34.5, false, false, false, false]
            }
        },
        "7": {
            "19": {
                "1": [22.5, false, false, false, false],
                "2": [33, false, false, false, false],
                "3": [34, false, false, false, false],
                "4": [33.5, false, false, false, false]
            },
            "20": {
                "1": [23, false, false, false, false],
                "2": [21.5, false, false, false, false],
                "3": [19.5, false, false, false, false],
                "4": [0, false, false, true, false],
                "5": [0, false, false, true, false],
                "6": [0, false, false, true, false],
                "7": [0, false, false, true, false],
                "8": [0, false, false, true, false],
                "9": [0, false, false, true, false],
                "10": [36.5, false, false, false, false],
                "11": [37, false, false, false, false]
            },
            "21": {
                "1": [21, false, false, false, false],
                "2": [22, false, false, false, false],
                "3": [22, false, false, false, false],
                "4": [24, false, false, false, false],
                "5": [34, false, false, false, false],
                "6": [34, false, false, false, false],
                "7": [34.5, false, false, false, false],
                "8": [35, false, false, false, false],
                "9": [36.5, false, false, false, false]
            }
        },
        "8": {
            "22": {
                "1": [30.5, false, false, false, false],
                "2": [28, false, false, false, false],
                "3": [33, false, false, false, false],
                "4": [33, false, false, false, false],
                "5": [34, false, false, false, false],
                "6": [34.5, false, false, false, false],
                "7": [34, false, false, false, false],
                "8": [35, false, false, false, false],
                "9": [36, false, false, false, false]
            },
            "23": {
                "1": [22, false, false, false, false],
                "2": [19.5, false, false, false, false],
                "3": [19.5, false, false, false, false],
                "4": [33, false, false, false, false],
                "5": [33.5, false, false, false, false],
                "6": [34, false, false, false, false],
                "7": [34, false, false, false, false],
                "8": [34.5, false, false, false, false],
                "9": [35.5, false, false, false, false],
                "10": [36, false, false, false, false],
                "11": [37, false, false, false, false]
            },
            "24": {
                "1": [22.5, false, false, false, false],
                "2": [33.5, false, false, false, false],
                "3": [33.5, false, false, false, false],
                "4": [34.5, false, false, false, false]
            }
        },
        "9": {
            "25": {
                "1": [32, false, false, false, false],
                "2": [33, false, false, false, false],
                "3": [33.5, false, false, false, false],
                "4": [34, false, false, false, false]
            },
            "26": {
                "1": [21, false, false, false, false],
                "2": [20, false, false, false, false],
                "3": [19.5, false, false, false, false],
                "4": [32.5, false, false, false, false],
                "5": [33.5, false, false, false, false],
                "6": [33.5, false, false, false, false],
                "7": [34, false, false, false, false],
                "8": [34, false, false, false, false],
                "9": [35.5, false, false, false, false],
                "10": [36, false, false, false, false],
                "11": [37, false, false, false, false]
            },
            "27": {
                "1": [32.5, false, false, false, false],
                "2": [33, false, false, false, false],
                "3": [32.5, false, false, false, false],
                "4": [33.5, false, false, false, false],
                "5": [34, false, false, false, false],
                "6": [34, false, false, false, false],
                "7": [34.5, false, false, false, false],
                "8": [35, false, false, false, false],
                "9": [36, false, false, false, false]
            }
        },
        "10": {
            "28": {
                "1": [24.5, false, false, false, false],
                "2": [32, false, false, false, false],
                "3": [32.5, false, false, false, false],
                "4": [33, false, false, false, false],
                "5": [33.5, false, false, false, false],
                "6": [34.5, false, false, false, false],
                "7": [34, false, false, false, false],
                "8": [35, false, false, false, false],
                "9": [35.5, false, false, false, false]
            },
            "29": {
                "1": [31.5, false, false, false, false],
                "2": [32, false, false, false, false],
                "3": [32.5, false, false, false, false],
                "4": [32.5, false, false, false, false],
                "5": [33, false, false, false, false],
                "6": [33.5, false, false, false, false],
                "7": [34, false, false, false, false],
                "8": [34.5, false, false, false, false],
                "9": [35, false, false, false, false],
                "10": [35.5, false, false, false, false],
                "11": [37, false, false, false, false]
            },
            "30": {
                "1": [32.5, false, false, false, false],
                "2": [33, false, false, false, false],
                "3": [33.5, false, false, false, false],
                "4": [34, false, false, false, false]
            }
        },
        "11": {
            "31": {
                "1": [32.5, false, false, false, false],
                "2": [32.5, false, false, false, false],
                "3": [33.5, false, false, false, false],
                "4": [34, false, false, false, false]
            },
            "32": {
                "1": [30.5, false, false, false, false],
                "2": [31, false, false, false, false],
                "3": [32, false, false, false, false],
                "4": [32, false, false, false, false],
                "5": [33, false, false, false, false],
                "6": [33, false, false, false, false],
                "7": [33, false, false, false, false],
                "8": [33.5, false, false, false, false],
                "9": [35, false, false, false, false],
                "10": [35, false, false, false, false],
                "11": [36.5, false, false, false, false]
            },
            "33": {
                "1": [31.5, false, false, false, false],
                "2": [31.5, false, false, false, false],
                "3": [32, false, false, false, false],
                "4": [32.5, false, false, false, false],
                "5": [32.5, false, false, false, false],
                "6": [33.5, false, false, false, false],
                "7": [33.5, false, false, false, false],
                "8": [34, false, false, false, false],
                "9": [35, false, false, false, false]
            }
        },
        "12": {
            "34": {
                "1": [31, false, false, false, false],
                "2": [31.5, false, false, false, false],
                "3": [32.5, false, false, false, false],
                "4": [32.5, false, false, false, false],
                "5": [33.5, false, false, false, false],
                "6": [33.5, false, false, false, false],
                "7": [33.5, false, false, false, false],
                "8": [34, false, false, false, false],
                "9": [35, false, false, false, false]
            },
            "35": {
                "1": [25, false, false, false, false],
                "2": [31, false, false, false, false],
                "3": [31.5, false, false, false, false],
                "4": [32, false, false, false, false],
                "5": [32.5, false, false, false, false],
                "6": [33, false, false, false, false],
                "7": [33.5, false, false, false, false],
                "8": [34, false, false, false, false],
                "9": [34.5, false, false, false, false],
                "10": [35.5, false, false, false, false],
                "11": [37, false, false, false, false]
            },
            "36": {
                "1": [32, false, false, false, false],
                "2": [32.5, false, false, false, false],
                "3": [33, false, false, false, false],
                "4": [33.5, false, false, false, false]
            }
        },
        "13": {
            "37": {
                "1": [32, false, false, false, false],
                "2": [32, false, false, false, false],
                "3": [33, false, false, false, false],
                "4": [33.5, false, false, false, false]
            },
            "38": {
                "1": [31, false, false, false, false],
                "2": [31, false, false, false, false],
                "3": [31.5, false, false, false, false],
                "4": [32, false, false, false, false],
                "5": [32.5, false, false, false, false],
                "6": [33, false, false, false, false],
                "7": [33, false, false, false, false],
                "8": [33.5, false, false, false, false],
                "9": [34.5, false, false, false, false],
                "10": [35, false, false, false, false],
                "11": [36, false, false, false, false]
            },
            "39": {
                "1": [31, false, false, false, false],
                "2": [31.5, false, false, false, false],
                "3": [32, false, false, false, false],
                "4": [32.5, false, false, false, false],
                "5": [32.5, false, false, false, false],
                "6": [33.5, false, false, false, false],
                "7": [33.5, false, false, false, false],
                "8": [34.5, false, false, false, false],
                "9": [36, false, false, false, false]
            }
        },
        "14": {
            "40": {
                "1": [31.5, false, false, false, false],
                "2": [32, false, false, false, false],
                "3": [32, false, false, false, false],
                "4": [33, false, false, false, false],
                "5": [34, false, false, false, false],
                "6": [34, false, false, false, false],
                "7": [34.5, false, false, false, false],
                "8": [35, false, false, false, false],
                "9": [36.5, false, false, false, false]
            },
            "41": {
                "1": [31, false, false, false, false],
                "2": [31, false, false, false, false],
                "3": [32, false, false, false, false],
                "4": [32, false, false, false, false],
                "5": [33.5, false, false, false, false],
                "6": [33.5, false, false, false, false],
                "7": [34, false, false, false, false],
                "8": [35, false, false, false, false],
                "9": [35.5, false, false, false, false],
                "10": [36, false, false, false, false],
                "11": [37.5, false, false, false, false]
            },
            "42": {
                "1": [32, false, false, false, false],
                "2": [33, false, false, false, false],
                "3": [33.5, false, false, false, false],
                "4": [34.5, false, false, false, false]
            }
        },
        "15": {
            "43": {
                "1": [32, false, false, false, false],
                "2": [32.5, false, false, false, false],
                "3": [33.5, false, false, false, false],
                "4": [34, false, false, false, false]
            },
            "44": {
                "1": [31, false, false, false, false],
                "2": [31.5, false, false, false, false],
                "3": [32, false, false, false, false],
                "4": [32, false, false, false, false],
                "5": [32.5, false, false, false, false],
                "6": [33.5, false, false, false, false],
                "7": [34.5, false, false, false, false],
                "8": [34.5, false, false, false, false],
                "9": [35.5, false, false, false, false],
                "10": [36.5, false, false, false, false],
                "11": [37.5, false, false, false, false]
            },
            "45": {
                "1": [32, false, false, false, false],
                "2": [32, false, false, false, false],
                "3": [33, false, false, false, false],
                "4": [33.5, false, false, false, false],
                "5": [33.5, false, false, false, false],
                "6": [34.5, false, false, false, false],
                "7": [35, false, false, false, false],
                "8": [35.5, false, false, false, false],
                "9": [37, false, false, false, false]
            }
        },
        "16": {
            "46": {
                "1": [31.5, false, false, false, false],
                "2": [31.5, false, false, false, false],
                "3": [32, false, false, false, false],
                "4": [33, false, false, false, false],
                "5": [34, false, false, false, false],
                "6": [34.5, false, false, false, false],
                "7": [34.5, false, false, false, false],
                "8": [35.5, false, false, false, false],
                "9": [36, false, false, false, false]
            },
            "47": {
                "1": [31, false, false, false, false],
                "2": [31.5, false, false, false, false],
                "3": [32, false, false, false, false],
                "4": [32.5, false, false, false, false],
                "5": [33.5, false, false, false, false],
                "6": [33.5, false, false, false, false],
                "7": [34.5, false, false, false, false],
                "8": [34.5, false, false, false, false],
                "9": [36, false, false, false, false],
                "10": [36, false, false, false, false],
                "11": [38, false, false, false, false]
            },
            "48": {
                "1": [32, false, false, false, false],
                "2": [33, false, false, false, false],
                "3": [33.5, false, false, false, false],
                "4": [34.5, false, false, false, false]
            }
        },
        "17": {
            "49": {
                "1": [32.5, false, false, false, false],
                "2": [33.5, false, false, false, false],
                "3": [33.5, false, false, false, false],
                "4": [34, false, false, false, false]
            },
            "50": {
                "1": [31.5, false, false, false, false],
                "2": [32, false, false, false, false],
                "3": [32, false, false, false, false],
                "4": [32.5, false, false, false, false],
                "5": [33.5, false, false, false, false],
                "6": [33.5, false, false, false, false],
                "7": [34.5, false, false, false, false],
                "8": [35, false, false, false, false],
                "9": [36, false, false, false, false],
                "10": [37, false, false, false, false],
                "11": [38, false, false, false, false]
            },
            "51": {
                "1": [31.5, false, false, false, false],
                "2": [32, false, false, false, false],
                "3": [32, false, false, false, false],
                "4": [33, false, false, false, false],
                "5": [33.5, false, false, false, false],
                "6": [34, false, false, false, false],
                "7": [34.5, false, false, false, false],
                "8": [35.5, false, false, false, false],
                "9": [36.5, false, false, false, false]
            }
        },
        "18": {
            "52": {
                "1": [32, false, false, false, false],
                "2": [32.5, false, false, false, false],
                "3": [33, false, false, false, false],
                "4": [33.5, false, false, false, false],
                "5": [34, false, false, false, false],
                "6": [34.5, false, false, false, false],
                "7": [35.5, false, false, false, false],
                "8": [35.5, false, false, false, false],
                "9": [37, false, false, false, false]
            },
            "53": {
                "1": [32, false, false, false, false],
                "2": [31.5, false, false, false, false],
                "3": [32, false, false, false, false],
                "4": [32.5, false, false, false, false],
                "5": [33.5, false, false, false, false],
                "6": [34.5, false, false, false, false],
                "7": [35, false, false, false, false],
                "8": [35.5, false, false, false, false],
                "9": [36, false, false, false, false],
                "10": [37.5, false, false, false, false],
                "11": [38, false, false, false, false]
            },
            "54": {
                "1": [32.5, false, false, false, false],
                "2": [33, false, false, false, false],
                "3": [34.5, false, false, false, false],
                "4": [34, false, false, false, false]
            }
        },
        "19": {
            "55": {
                "1": [32.5, false, false, false, false],
                "2": [33.5, false, false, false, false],
                "3": [34, false, false, false, false],
                "4": [35, false, false, false, false]
            },
            "56": {
                "1": [32.5, false, false, false, false],
                "2": [32.5, false, false, false, false],
                "3": [33.5, false, false, false, false],
                "4": [34.5, false, false, false, false],
                "5": [35, false, false, false, false],
                "6": [36, false, false, false, false],
                "7": [36.5, false, false, false, false],
                "8": [38, false, false, false, false],
                "9": [39.5, false, false, false, false]
            },
            "57": {
                "1": [32, false, false, false, false],
                "2": [33, false, false, false, false],
                "3": [33.5, false, false, false, false],
                "4": [34, false, false, false, false],
                "5": [35.5, false, false, false, false],
                "6": [35.5, false, false, false, false],
                "7": [37, false, false, false, false],
                "8": [38, false, false, false, false]
            }
        }
    },
    "estacao": {
        "MOD": "1",
        "TEM": "-",
        "UMI": "-",
        "CHO": "-"
    },
    "estacaoLeitura": [],
    "configuracao": {
        "layout_topo": {
            "1": {
                "celula": 1,
                "pos_x": 30,
                "sensores": {
                    "1": 75,
                    "2": 150,
                    "3": 225
                }
            },
            "2": {
                "celula": 1,
                "pos_x": 60,
                "sensores": {
                    "4": 125,
                    "5": 200,
                    "6": 275
                }
            },
            "3": {
                "celula": 1,
                "pos_x": 90,
                "sensores": {
                    "7": 75,
                    "8": 150,
                    "9": 225
                }
            },
            "4": {
                "celula": 1,
                "pos_x": 120,
                "sensores": {
                    "10": 125,
                    "11": 200,
                    "12": 275
                }
            },
            "5": {
                "celula": 1,
                "pos_x": 150,
                "sensores": {
                    "13": 75,
                    "14": 150,
                    "15": 225
                }
            },
            "6": {
                "celula": 1,
                "pos_x": 180,
                "sensores": {
                    "16": 125,
                    "17": 200,
                    "18": 275
                }
            },
            "7": {
                "celula": 2,
                "pos_x": 210,
                "sensores": {
                    "19": 75,
                    "20": 150,
                    "21": 225
                }
            },
            "8": {
                "celula": 2,
                "pos_x": 240,
                "sensores": {
                    "22": 125,
                    "23": 200,
                    "24": 275
                }
            },
            "9": {
                "celula": 2,
                "pos_x": 270,
                "sensores": {
                    "25": 75,
                    "26": 150,
                    "27": 225
                }
            },
            "10": {
                "celula": 2,
                "pos_x": 300,
                "sensores": {
                    "28": 125,
                    "29": 200,
                    "30": 275
                }
            },
            "11": {
                "celula": 2,
                "pos_x": 330,
                "sensores": {
                    "31": 75,
                    "32": 150,
                    "33": 225
                }
            },
            "12": {
                "celula": 2,
                "pos_x": 360,
                "sensores": {
                    "34": 125,
                    "35": 200,
                    "36": 275
                }
            },
            "13": {
                "celula": 2,
                "pos_x": 390,
                "sensores": {
                    "37": 75,
                    "38": 150,
                    "39": 225
                }
            },
            "14": {
                "celula": 3,
                "pos_x": 420,
                "sensores": {
                    "40": 125,
                    "41": 200,
                    "42": 275
                }
            },
            "15": {
                "celula": 3,
                "pos_x": 450,
                "sensores": {
                    "43": 75,
                    "44": 150,
                    "45": 225
                }
            },
            "16": {
                "celula": 3,
                "pos_x": 480,
                "sensores": {
                    "46": 125,
                    "47": 200,
                    "48": 275
                }
            },
            "17": {
                "celula": 3,
                "pos_x": 510,
                "sensores": {
                    "49": 75,
                    "50": 150,
                    "51": 225
                }
            },
            "18": {
                "celula": 3,
                "pos_x": 540,
                "sensores": {
                    "52": 125,
                    "53": 200,
                    "54": 275
                }
            },
            "19": {
                "celula": 3,
                "pos_x": 570,
                "sensores": {
                    "55": 75,
                    "56": 150,
                    "57": 225
                }
            },
            "aeradores": {
                "1": [28, 305, 0],
                "2": [104, 305, 0],
                "3": [165, 305, 0],
                "4": [88, 340, 0],
                "5": [88, 0, 1],
                "6": [224, 305, 0],
                "7": [284, 305, 0],
                "8": [344, 305, 0],
                "9": [284, 340, 0],
                "10": [284, 0, 1],
                "11": [404, 305, 0],
                "12": [464, 305, 0],
                "13": [538, 305, 0],
                "14": [478, 340, 0],
                "15": [478, 0, 1]
            },
            "celulas": {
                "tamanho_svg": [600, 388],
                "fundo": [5, 49, 590, 256],
                "1": [5, 50, 188, 254],
                "2": [197, 50, 206, 254],
                "3": [407, 50, 188, 254]
            }
        },
        "arcos": [
            {
                "numero": [3, 5, 7, 9, 11, 13, 15, 17],
                "layout_arco": {
                    "tamanho_svg": [350, 200],
                    "desenho_sensores": {
                        "escala_cores_sensores": 1,
                        "nome_sensores_direita": 0,
                        "nome_cabo_acima": 1,
                        "escala_sensores": 18,
                        "dist_y_sensores": 13,
                        "dist_y_nome_cabo": [1, 1, 1],
                        "pos_x_cabos_uniforme": 1,
                        "pos_x_cabo": [69, 74, 158],
                        "pos_y_cabo": [145, 185, 172]
                    },
                    "desenho_arco": {
                        "tipo_telhado": 2,
                        "pb": 200,
                        "lb": 350,
                        "hb": 76,
                        "hf": 1,
                        "lf": 5,
                        "le": 22,
                        "ht": 99,
                        "ctrl_p1": [80, 34],
                        "ctrl_p2": [123, 14]
                    },
                    "cabos": {
                        "1": 4,
                        "2": 11,
                        "3": 9
                    }
                }
            },
            {
                "numero": [2, 4, 6, 8, 10, 12, 14, 16, 18],
                "layout_arco": {
                    "tamanho_svg": [350, 200],
                    "desenho_sensores": {
                        "escala_cores_sensores": 1,
                        "nome_sensores_direita": 0,
                        "nome_cabo_acima": 1,
                        "escala_sensores": 18,
                        "dist_y_sensores": 13,
                        "dist_y_nome_cabo": [1, 1, 1],
                        "pos_x_cabos_uniforme": 1,
                        "pos_x_cabo": [118, 74, 158],
                        "pos_y_cabo": [172, 185, 145]
                    },
                    "desenho_arco": {
                        "tipo_telhado": 2,
                        "pb": 200,
                        "lb": 350,
                        "hb": 76,
                        "hf": 1,
                        "lf": 5,
                        "le": 22,
                        "ht": 99,
                        "ctrl_p1": [80, 34],
                        "ctrl_p2": [123, 14]
                    },
                    "cabos": {
                        "1": 9,
                        "2": 11,
                        "3": 4
                    }
                }
            },
            {
                "numero": [1, 19],
                "layout_arco": {
                    "tamanho_svg": [350, 200],
                    "desenho_sensores": {
                        "escala_cores_sensores": 1,
                        "nome_sensores_direita": 0,
                        "nome_cabo_acima": 1,
                        "escala_sensores": 18,
                        "dist_y_sensores": 13,
                        "dist_y_nome_cabo": [1, 1, 1],
                        "pos_x_cabos_uniforme": 1,
                        "pos_x_cabo": [69, 74, 158],
                        "pos_y_cabo": [145, 159, 159]
                    },
                    "desenho_arco": {
                        "tipo_telhado": 2,
                        "pb": 200,
                        "lb": 350,
                        "hb": 76,
                        "hf": 40,
                        "lf": 160,
                        "le": 22,
                        "ht": 99,
                        "ctrl_p1": [80, 34],
                        "ctrl_p2": [123, 14]
                    },
                    "cabos": {
                        "1": 4,
                        "2": 9,
                        "3": 8
                    }
                }
            }
        ],
        "sequencia_celulas": {
            "131": {
                "celula": 1,
                "sequencia_pendulos": [
                    1, 2, 3, 4, 5, 6, 7, 8, 9, 10, 11, 12, 13, 14, 15, 16, 17,
                    18
                ]
            },
            "132": {
                "celula": 2,
                "sequencia_pendulos": [
                    19, 20, 21, 22, 23, 24, 25, 26, 27, 28, 29, 30, 31, 32, 33,
                    34, 35, 36, 37, 38, 39
                ]
            },
            "133": {
                "celula": 3,
                "sequencia_pendulos": [
                    40, 41, 42, 43, 44, 45, 46, 47, 48, 49, 50, 51, 52, 53, 54,
                    55, 56, 57
                ]
            }
        }
    }
}
